attendee_name,email
Glynn Tregonna,gtregonna0@globo.com
Brittany Ivanshintsev,bivanshintsev1@wsj.com
Valry Cartmer,vcartmer2@hhs.gov
Laurette Gherardesci,lgherardesci3@photobucket.com
Ricki Plaster,rplaster4@skyrock.com
Rainer Mcettrick,rmcettrick5@imdb.com
Robbert Bouzek,rbouzek6@yahoo.com
Amalie Rudram,arudram7@miibeian.gov.cn
Kimball Coate,kcoate8@deliciousdays.com
Deena Cannaway,dcannaway9@webeden.co.uk
Dasya Garmey,dgarmeya@nifty.com
Gherardo Catherine,gcatherineb@shutterfly.com
Karin Gallahar,kgallaharc@is.gd
Mala Braunston,mbraunstond@ted.com
Jori Powe,jpowee@bizjournals.com
Simone Lainge,slaingef@goodreads.com
Clemmy Fillan,cfillang@webeden.co.uk
Valerie Langforth,vlangforthh@nbcnews.com
Marielle Whipp,mwhippi@mapy.cz
Kerrie Maldin,kmaldinj@reverbnation.com
Chick Whelan,cwhelank@mozilla.com
Tomasina Forrest,tforrestl@adobe.com
Coop Angell,cangellm@bizjournals.com
Muffin Brastead,mbrasteadn@parallels.com
Sydel Anyon,sanyono@buzzfeed.com
Abeu Cooksey,acookseyp@japanpost.jp
Kalil Fold,kfoldq@shop-pro.jp
Orazio Pescod,opescodr@scribd.com
Ignatius Reynolds,ireynoldss@digg.com
Raffarty Coxhell,rcoxhellt@mtv.com
Thaddeus Rusk,trusku@utexas.edu
Carrie Beenham,cbeenhamv@comcast.net
Gabbie Scare,gscarew@china.com.cn
Gusta Haggart,ghaggartx@infoseek.co.jp
Ceil Jiggins,cjigginsy@seattletimes.com
Halimeda Allberry,hallberryz@ucsd.edu
Culley Lorinez,clorinez10@chicagotribune.com
Purcell Aluard,paluard11@usnews.com
Zabrina Breadmore,zbreadmore12@boston.com
Yard Okey,yokey13@elpais.com
Christy Breache,cbreache14@digg.com
Loreen Delcastel,ldelcastel15@mail.ru
Doria Molohan,dmolohan16@1und1.de
Amory Skym,askym17@baidu.com
Oran McKenzie,omckenzie18@privacy.gov.au
Hollis Greenhall,hgreenhall19@blogtalkradio.com
Erda Meric,emeric1a@princeton.edu
Allison Hadrill,ahadrill1b@dion.ne.jp
Garek Dalgetty,gdalgetty1c@google.nl
Darlene Piggott,dpiggott1d@state.gov
Shantee Simonassi,ssimonassi1e@cmu.edu
Evey Farlowe,efarlowe1f@woothemes.com
Gale Petr,gpetr1g@godaddy.com
Padriac Petrenko,ppetrenko1h@nasa.gov
Clayton Lukacs,clukacs1i@chronoengine.com
Rivi O Dreain,rodreain1j@dion.ne.jp
Sigfried Le Friec,sle1k@typepad.com
Brett Barnwall,bbarnwall1l@xinhuanet.com
Janelle Budnik,jbudnik1m@is.gd
Sam Lavies,slavies1n@instagram.com
Mair Coulman,mcoulman1o@mapy.cz
Cecil Gyngyll,cgyngyll1p@fotki.com
Salvatore Pardoe,spardoe1q@so-net.ne.jp
Arty Tallboy,atallboy1r@unc.edu
Raeann Trembley,rtrembley1s@dagondesign.com
Erek Kobierra,ekobierra1t@eepurl.com
Ilario Dittson,idittson1u@digg.com
Charley Baroch,cbaroch1v@state.tx.us
Sonia Slopier,sslopier1w@odnoklassniki.ru
Barbi Eveque,beveque1x@ow.ly
Gardiner Oats,goats1y@europa.eu
Pedro Chalder,pchalder1z@skyrock.com
Lizette Bergen,lbergen20@goo.ne.jp
Jermaine Rantoull,jrantoull21@squidoo.com
Dorey Hattiff,dhattiff22@squidoo.com
Nicolas Kerslake,nkerslake23@xrea.com
Loise Dreng,ldreng24@marketwatch.com
Jermaine Ziem,jziem25@goo.ne.jp
Sherye Merriton,smerriton26@chronoengine.com
Merrel Izon,mizon27@macromedia.com
Holly Beathem,hbeathem28@unicef.org
Roch Batters,rbatters29@go.com
Walton Kersaw,wkersaw2a@berkeley.edu
Tresa Bartocci,tbartocci2b@auda.org.au
Virgil Greber,vgreber2c@last.fm
Roxine Nisco,rnisco2d@bloglovin.com
Cleve Hartopp,chartopp2e@cbc.ca
Charmain Hounihan,chounihan2f@state.gov
Laural Grabbam,lgrabbam2g@typepad.com
Broddie Denekamp,bdenekamp2h@linkedin.com
Mel Girardez,mgirardez2i@huffingtonpost.com
Neill Paladino,npaladino2j@infoseek.co.jp
Darice Scrinage,dscrinage2k@etsy.com
Genia Heyfield,gheyfield2l@dot.gov
Lewes Dacre,ldacre2m@sciencedaily.com
Lorry Gardiner,lgardiner2n@addtoany.com
Stanleigh Zukierman,szukierman2o@baidu.com
Koralle Scorthorne,kscorthorne2p@histats.com
Hamlen Thunnercliffe,hthunnercliffe2q@examiner.com
Kimmi McGeraghty,kmcgeraghty2r@amazon.co.uk
Lettie Fearnsides,lfearnsides2s@diigo.com
Lamond Auton,lauton2t@tripod.com
Saunder Beauvais,sbeauvais2u@stanford.edu
Guinna Ahern,gahern2v@howstuffworks.com
Jennie Lakeman,jlakeman2w@goo.gl
Cole Towey,ctowey2x@unicef.org
Mallory Youings,myouings2y@rambler.ru
Levi Siaskowski,lsiaskowski2z@bloglines.com
Brena Beisley,bbeisley30@woothemes.com
Vite Moxson,vmoxson31@aboutads.info
Gustavus Clawson,gclawson32@theglobeandmail.com
De Wellum,dwellum33@earthlink.net
Vi Autie,vautie34@php.net
Abbe Emms,aemms35@sitemeter.com
Bud Landeg,blandeg36@mediafire.com
Madelle Gathercole,mgathercole37@dion.ne.jp
Constanta McLeese,cmcleese38@deliciousdays.com
Loutitia Prevett,lprevett39@accuweather.com
Clareta Mannock,cmannock3a@studiopress.com
Gaspar Osbourne,gosbourne3b@fc2.com
Issiah Carrodus,icarrodus3c@uiuc.edu
Andras Duckham,aduckham3d@biblegateway.com
Aldwin Ingilson,aingilson3e@umn.edu
Wallis Pemberton,wpemberton3f@yahoo.co.jp
Bogey Betancourt,bbetancourt3g@engadget.com
Paolo Cabral,pcabral3h@unc.edu
Clarice Shireff,cshireff3i@edublogs.org
Ingra Taphouse,itaphouse3j@about.com
Elwood Luther,eluther3k@independent.co.uk
Tabbie Wailes,twailes3l@sourceforge.net
Wandie Chatelain,wchatelain3m@oakley.com
Burch Castagnet,bcastagnet3n@go.com
Kit Smithson,ksmithson3o@ocn.ne.jp
Dorella Couzens,dcouzens3p@trellian.com
Aubree Leebeter,aleebeter3q@google.it
Emanuel Hamman,ehamman3r@auda.org.au
Charlotta Troppmann,ctroppmann3s@omniture.com
Gustaf Thumann,gthumann3t@microsoft.com
Katlin Cockayme,kcockayme3u@pen.io
Lari Barnfield,lbarnfield3v@nbcnews.com
Rance Balwin,rbalwin3w@smugmug.com
Malina Fackney,mfackney3x@cam.ac.uk
Murdoch Bruntje,mbruntje3y@gmpg.org
Loretta Fandrich,lfandrich3z@cocolog-nifty.com
Claresta Samwaye,csamwaye40@smh.com.au
Wood Soall,wsoall41@live.com
Cly Ridhole,cridhole42@businessinsider.com
Christiano Barti,cbarti43@springer.com
Peri Lobell,plobell44@google.nl
Johna Skillett,jskillett45@plala.or.jp
Melisande Vasyunichev,mvasyunichev46@hud.gov
Costa Pantone,cpantone47@usda.gov
Brande Balma,bbalma48@bandcamp.com
Moina Boldock,mboldock49@goo.gl
Thomasina Burtwell,tburtwell4a@jugem.jp
Saunders Chiechio,schiechio4b@wikia.com
York Brugman,ybrugman4c@friendfeed.com
Gweneth Mangon,gmangon4d@dot.gov
Ania Freer,afreer4e@chron.com
Jilly Grinter,jgrinter4f@va.gov
Sarette Martel,smartel4g@alexa.com
Karlie Millwall,kmillwall4h@squidoo.com
Larine Pudan,lpudan4i@google.com.br
Adrea Kall,akall4j@barnesandnoble.com
Gasper Sartain,gsartain4k@wiley.com
Valaree Bucklee,vbucklee4l@kickstarter.com
Anastassia Rathbone,arathbone4m@samsung.com
Delcina Worwood,dworwood4n@de.vu
Blinny Tysack,btysack4o@infoseek.co.jp
Petronilla Mounch,pmounch4p@wikispaces.com
Madelaine Pollastrone,mpollastrone4q@fc2.com
Madelyn Pond-Jones,mpondjones4r@jiathis.com
Flem Banke,fbanke4s@cbsnews.com
Jeniece Mallya,jmallya4t@walmart.com
Belia Blaxter,bblaxter4u@list-manage.com
Dame Matyukon,dmatyukon4v@a8.net
Hieronymus Polding,hpolding4w@purevolume.com
Drucy Corain,dcorain4x@ucoz.com
Henderson Mountjoy,hmountjoy4y@independent.co.uk
Caro Bicker,cbicker4z@squidoo.com
Leslie Giamelli,lgiamelli50@princeton.edu
Neall Magog,nmagog51@fastcompany.com
Lars Fullagar,lfullagar52@nih.gov
Zachariah Carrington,zcarrington53@bing.com
Kerry Cullin,kcullin54@cnn.com
Jennie Tills,jtills55@deliciousdays.com
Carolynn Alessandrini,calessandrini56@dmoz.org
Stearne Roseborough,sroseborough57@globo.com
Quillan Durnford,qdurnford58@de.vu
Gustave Scrafton,gscrafton59@wsj.com
Lydie Dumper,ldumper5a@nytimes.com
Gabby Mole,gmole5b@google.ca
Samara Dingwall,sdingwall5c@t-online.de
Helyn Roan,hroan5d@wp.com
Obadias Dewire,odewire5e@dropbox.com
Anissa Darbyshire,adarbyshire5f@github.com
Gigi Meanwell,gmeanwell5g@vk.com
Indira Isley,iisley5h@seattletimes.com
Donielle Cammell,dcammell5i@admin.ch
Lazare Houltham,lhoultham5j@rediff.com
